<?xml version="1.0" encoding="utf-8"?>
<pedidos>
<pedido>
<numero-cliente>1234567890</numero-cliente>
<numero-pedido>92345</numero-pedido>
<fecha>2024-01-22</fecha>
<articulos>
<articulo>
<codigo>123456</codigo>
<cantidad>190</cantidad>
</articulo>
<articulo>
<codigo>234567</codigo>
<cantidad>20</cantidad>
</articulo>
</articulos>
</pedido>
<pedido>
<numero-cliente>9876543210</numero-cliente>
<numero-pedido>12346</numero-pedido>
<fecha>2024-01-23</fecha>
<articulos>
<articulo>
<codigo>345678</codigo>
<cantidad>30</cantidad>
</articulo>
<articulo>
<codigo>456789</codigo>
<cantidad>40</cantidad>
</articulo>
</articulos>
</pedido>
<pedido>
<numero-cliente>1234567891</numero-cliente>
<numero-pedido>92347</numero-pedido>
<fecha>2024-01-24</fecha>
<articulos>
<articulo>
<codigo>567890</codigo>
<cantidad>50</cantidad>
</articulo>
<articulo>
<codigo>123456</codigo>
<cantidad>60</cantidad>
</articulo>
</articulos>
</pedido>
<pedido>
<numero-cliente>1234567892</numero-cliente>
<numero-pedido>92348</numero-pedido>
<fecha>2024-01-25</fecha>
<articulos>
<articulo>
<codigo>789012</codigo>
<cantidad>70</cantidad>
</articulo>
<articulo>
<codigo>890123</codigo>
<cantidad>80</cantidad>
</articulo>
<articulo>
<codigo>923457</codigo>
<cantidad>10</cantidad>
</articulo>
<articulo>
<codigo>234568</codigo>
<cantidad>20</cantidad>
</articulo>
</articulos>
</pedido>
<pedido>
<numero-cliente>1234567893</numero-cliente>
<numero-pedido>92349</numero-pedido>
<fecha>2024-01-26</fecha>
<articulos>
<articulo>
<codigo>901234</codigo>
<cantidad>90</cantidad>
</articulo>
<articulo>
<codigo>123457</codigo>
<cantidad>190</cantidad>
</articulo>
</articulos>
</pedido>
</pedidos>