<inventario>
  <articulo>
    <fecha>2023-11-01</fecha>
    <producto>Libreta</producto>
    <tipo>Escritura</tipo>
    <precio>5</precio>
    <cantidad>10</cantidad>
  </articulo>
  <articulo>
    <fecha>2023-11-05</fecha>
    <producto>Boligrafo</producto>
    <tipo>Escritura</tipo>
    <precio>1</precio>
    <cantidad>20</cantidad>
  </articulo>
  <articulo>
    <fecha>2023-11-05</fecha>
    <producto>Tijera</producto>
    <tipo>Manualidades</tipo>
    <precio>3</precio>
    <cantidad>5</cantidad>
  </articulo>
  <articulo>
    <fecha>2023-11-10</fecha>
    <producto>Mochila</producto>
    <tipo>Almacenamiento</tipo>
    <precio>20</precio>
    <cantidad>2</cantidad>
  </articulo>
  <articulo>
    <fecha>2023-11-12</fecha>
    <producto>Carpeta</producto>
    <tipo>Almacenamiento</tipo>
    <precio>2</precio>
    <cantidad>15</cantidad>
  </articulo>
  <articulo>
    <fecha>2023-11-14</fecha>
    <producto>Lapiz</producto>
    <tipo>Escritura</tipo>
    <precio>0.5</precio>
    <cantidad>30</cantidad>
  </articulo>
  <articulo>
    <fecha>2023-11-15</fecha>
    <producto>Goma de borrar</producto>
    <tipo>Escritura</tipo>
    <precio>0.5</precio>
    <cantidad>15</cantidad>
  </articulo>
  <articulo>
    <fecha>2023-11-17</fecha>
    <producto>Regla</producto>
    <tipo>Dibujo</tipo>
    <precio>2</precio>
    <cantidad>10</cantidad>
  </articulo>
  <articulo>
    <fecha>2023-11-19</fecha>
    <producto>Cinta adhesiva</producto>
    <tipo>Manualidades</tipo>
    <precio>4</precio>
    <cantidad>5</cantidad>
  </articulo>
  <articulo>
    <fecha>2023-11-20</fecha>
    <producto>Marcador</producto>
    <tipo>Escritura</tipo>
    <precio>1.5</precio>
    <cantidad>15</cantidad>
  </articulo>
  <articulo>
    <fecha>2023-11-22</fecha>
    <producto>Cuaderno</producto>
    <tipo>Escritura</tipo>
    <precio>10</precio>
    <cantidad>5</cantidad>
  </articulo>
</inventario>
